Workbook

Sheet Color - 1. Foundations
A1: collectionId | B1: collectionName | C1: variableId | D1: variableName | E1: variableType | F1: Mode: Light Value | G1: Mode: Dark Value
A2: VariableCollectionId:213:113 | B2: Color - 1. Foundations | C2: VariableID:10932:185 | D2: brand/50 | E2: COLOR | F2: #f9f8f3 | G2: #2f2619
A3: VariableCollectionId:213:113 | B3: Color - 1. Foundations | C3: VariableID:10932:179 | D3: brand/100 | E3: COLOR | F3: #f1f0e3 | G3: #584a36
A4: VariableCollectionId:213:113 | B4: Color - 1. Foundations | C4: VariableID:10932:184 | D4: brand/200 | E4: COLOR | F4: #e2dfc6 | G4: #6c5b40
A5: VariableCollectionId:213:113 | B5: Color - 1. Foundations | C5: VariableID:10932:180 | D5: brand/300 | E5: COLOR | F5: #cfc9a2 | G5: #857049
A6: VariableCollectionId:213:113 | B6: Color - 1. Foundations | C6: VariableID:10932:186 | D6: brand/400 | E6: COLOR | F6: #c1b688 | G6: #9f8a57
A7: VariableCollectionId:213:113 | B7: Color - 1. Foundations | C7: VariableID:10932:187 | D7: brand/500 | E7: COLOR | F7: #ad9c62 | G7: #ad9c62
A8: VariableCollectionId:213:113 | B8: Color - 1. Foundations | C8: VariableID:10932:181 | D8: brand/600 | E8: COLOR | F8: #9f8a57 | G8: #c1b688
A9: VariableCollectionId:213:113 | B9: Color - 1. Foundations | C9: VariableID:10932:182 | D9: brand/700 | E9: COLOR | F9: #857049 | G9: #cfc9a2
A10: VariableCollectionId:213:113 | B10: Color - 1. Foundations | C10: VariableID:10932:188 | D10: brand/800 | E10: COLOR | F10: #6c5b40 | G10: #e2dfc6
A11: VariableCollectionId:213:113 | B11: Color - 1. Foundations | C11: VariableID:10932:183 | D11: brand/900 | E11: COLOR | F11: #584a36 | G11: #f1f0e3
A12: VariableCollectionId:213:113 | B12: Color - 1. Foundations | C12: VariableID:13902:6005 | D12: brand/950 | E12: COLOR | F12: #2f261b | G12: #f9f8f3
... A47: VariableCollectionId:213:113 | B47: Color - 1. Foundations | C47: VariableID:216:626 | D47: focus/300 | E47: COLOR | F47: #99e2e4 | G47: #99e2e4

Sheet Typo - 1. Foundations
A1: collectionId | B1: collectionName | C1: variableId | D1: variableName | E1: variableType | F1: Mode: Desktop | G1: Mode: Laptop | H1: Mode: Tablet | I1: Mode: Mobile
A2: VariableCollectionId:138:2 | B2: Typo - 1. Foundations | C2: VariableID:138:4 | D2: type/family/Primary | E2: STRING | F2: Frank Ruhl Libre | G2: Frank Ruhl Libre | H2: Frank Ruhl Libre | I2: Frank Ruhl Libre
A3: VariableCollectionId:138:2 | B3: Typo - 1. Foundations | C3: VariableID:10908:286 | D3: type/family/Secondary | E3: STRING | F3: Geist | G3: Geist | H3: Geist | I3: Geist
A4: VariableCollectionId:138:2 | B4: Typo - 1. Foundations | C4: VariableID:11655:4832 | D4: type/family/Tertiery | E4: STRING | F4: Geist Mono | G4: Geist Mono | H4: Geist Mono | I4: Geist Mono
A5: VariableCollectionId:138:2 | B5: Typo - 1. Foundations | C5: VariableID:138:6 | D5: type/weight/Light | E5: FLOAT | F5: 300 | G5: 300 | H5: 300 | I5: 300
A6: VariableCollectionId:138:2 | B6: Typo - 1. Foundations | C6: VariableID:143:9 | D6: type/size/fixed/1 | E6: FLOAT | F6: 16 | G6: 15.524242 | H6: 14.727273 | I6: 14
A7: VariableCollectionId:138:2 | B7: Typo - 1. Foundations | C7: VariableID:143:2 | D7: type/size/fixed/2 | E7: FLOAT | F7: 18 | G7: 17.048485 | H7: 15.454545 | I7: 14
A8: VariableCollectionId:138:2 | B8: Typo - 1. Foundations | C8: VariableID:15919:2869 | D8: type/size/fixed/3 | E8: FLOAT | F8: 20 | G8: 19.048485 | H8: 17.454545 | I8: 16
A9: VariableCollectionId:138:2 | B9: Typo - 1. Foundations | C9: VariableID:143:3 | D9: type/size/fixed/4 | E9: FLOAT | F9: 24 | G9: 22.572727 | H9: 20.181818 | I9: 18
A10: VariableCollectionId:138:2 | B10: Typo - 1. Foundations | C10: VariableID:143:5 | D10: type/size/scaled/1 | E10: FLOAT | F10: 20 | G10: 20 | H10: 20 | I10: 20
A11: VariableCollectionId:138:2 | B11: Typo - 1. Foundations | C11: VariableID:143:6 | D11: type/size/scaled/2 | E11: FLOAT | F11: 28 | G11: 27.048485 | H11: 25.454545 | I11: 24
A12: VariableCollectionId:138:2 | B12: Typo - 1. Foundations | C12: VariableID:143:7 | D12: type/size/scaled/3--shortform | E12: FLOAT | F12: 25.6 | G12: 24.743636 | H12: 23.309091 | I12: 22
A13: VariableCollectionId:138:2 | B13: Typo - 1. Foundations | C13: VariableID:17930:7762 | D13: type/size/scaled/3--longform | E13: FLOAT | F13: 32 | G13: 30.477576 | H13: 27.927273 | I13: 25.6
A14: VariableCollectionId:138:2 | B14: Typo - 1. Foundations | C14: VariableID:143:8 | D14: type/size/scaled/4 | E14: FLOAT | F14: 38.4 | G14: 33.049554 | H14: 29.261608 | I14: 28.8
A15: VariableCollectionId:138:2 | B15: Typo - 1. Foundations | C15: VariableID:11816:3610 | D15: type/size/scaled/5 | E15: FLOAT | F15: 51.2 | G15: 40.499109 | H15: 32.923216 | I15: 32
A16: VariableCollectionId:138:2 | B16: Typo - 1. Foundations | C16: VariableID:138:7 | D16: type/weight/Regular | E16: FLOAT | F16: 400 | G16: 400 | H16: 400 | I16: 400
... A21: VariableCollectionId:138:2 | B21: Typo - 1. Foundations | C21: VariableID:138:11 | D21: type/weight/Heavy | E21: FLOAT | F21: 900 | G21: 900 | H21: 900 | I21: 900
A22: VariableCollectionId:138:2 | B22: Typo - 1. Foundations | C22: VariableID:138:14 | D22: type/weight/Italic | E22: STRING | F22: Italic | G22: Italic | H22: Italic | I22: Italic
A23: VariableCollectionId:138:2 | B23: Typo - 1. Foundations | C23: VariableID:11818:3630 | D23: type/line-height--tight/fixed/1 | E23: FLOAT | F23: 20 | G23: 19.048485 | H23: 19.2 | I23: 17.6
A24: VariableCollectionId:138:2 | B24: Typo - 1. Foundations | C24: VariableID:11818:3631 | D24: type/line-height--tight/fixed/2 | E24: FLOAT | F24: 22 | G24: 20.953333 | H24: 19.2 | I24: 17.6
A25: VariableCollectionId:138:2 | B25: Typo - 1. Foundations | C25: VariableID:15919:2871 | D25: type/line-height--tight/fixed/3 | E25: FLOAT | F25: 24 | G25: 22.858182 | H25: 20.945455 | I25: 19.2
A26: VariableCollectionId:138:2 | B26: Typo - 1. Foundations | C26: VariableID:11818:3632 | D26: type/line-height--tight/fixed/4 | E26: FLOAT | F26: 30 | G26: 28.572727 | H26: 24.436364 | I26: 22.4
A27: VariableCollectionId:138:2 | B27: Typo - 1. Foundations | C27: VariableID:11818:3634 | D27: type/line-height--tight/scaled/1 | E27: FLOAT | F27: 24 | G27: 24.76303 | H27: 24.436364 | I27: 25.6
A28: VariableCollectionId:138:2 | B28: Typo - 1. Foundations | C28: VariableID:11818:3635 | D28: type/line-height--tight/scaled/2 | E28: FLOAT | F28: 34 | G28: 34.287273 | H28: 31.418182 | I28: 30.4
A29: VariableCollectionId:138:2 | B29: Typo - 1. Foundations | C29: VariableID:11818:3636 | D29: type/line-height--tight/scaled/3--shortform | E29: FLOAT | F29: 32 | G29: 30.477576 | H29: 29.672727 | I29: 27.2
A30: VariableCollectionId:138:2 | B30: Typo - 1. Foundations | C30: VariableID:17930:7763 | D30: type/line-height--tight/scaled/3--longform | E30: FLOAT | F30: 40 | G30: 38.09697 | H30: 34.909091 | I30: 32
A31: VariableCollectionId:138:2 | B31: Typo - 1. Foundations | C31: VariableID:11818:3637 | D31: type/line-height--tight/scaled/4 | E31: FLOAT | F31: 48 | G31: 41.906667 | H31: 36.654545 | I31: 35.2
A32: VariableCollectionId:138:2 | B32: Typo - 1. Foundations | C32: VariableID:11818:3638 | D32: type/line-height--tight/scaled/5 | E32: FLOAT | F32: 64 | G32: 51.430909 | H32: 41.890909 | I32: 40
A33: VariableCollectionId:138:2 | B33: Typo - 1. Foundations | C33: VariableID:11818:3639 | D33: type/line-height--text/fixed/1 | E33: FLOAT | F33: 26 | G33: 24.76303 | H33: 24.436364 | I33: 22.4
A34: VariableCollectionId:138:2 | B34: Typo - 1. Foundations | C34: VariableID:11818:3640 | D34: type/line-height--text/fixed/2 | E34: FLOAT | F34: 28 | G34: 26.667879 | H34: 24.436364 | I34: 22.4
... A47: VariableCollectionId:138:2 | B47: Typo - 1. Foundations | C47: VariableID:194:58 | D47: type/letter-spacing/display | E47: FLOAT | F47: 0.60000002 | G47: 0.60000002 | H47: 0.60000002 | I47: 0.60000002
C52: max | F52: min
C53: 1680 | D53: 1366 | E53: 840 | F53: 360
B54: Utopia step 0 | C54: 20 | F54: 20
B55: utopia scale | C55: 1.25 | F55: 1.2
B61: line height 1 | C61: 1.31
B62: line height 2 | C62: 1.6

Sheet Space - 1. Foundations
A1: collectionId | B1: collectionName | C1: variableId | D1: variableName | E1: variableType | F1: Mode: Desktop | G1: Mode: Laptop | H1: Mode: Tablet | I1: Mode: Mobile
A2: VariableCollectionId:194:6 | B2: Space - 1. Foundations | C2: VariableID:194:7 | D2: fixed/1 | E2: FLOAT | F2: 2 | G2: 2 | H2: 2 | I2: 2
A3: VariableCollectionId:194:6 | B3: Space - 1. Foundations | C3: VariableID:194:8 | D3: fixed/2 | E3: FLOAT | F3: 4 | G3: 4 | H3: 4 | I3: 4
A4: VariableCollectionId:194:6 | B4: Space - 1. Foundations | C4: VariableID:194:9 | D4: fixed/3 | E4: FLOAT | F4: 8 | G4: 8 | H4: 8 | I4: 8
A5: VariableCollectionId:194:6 | B5: Space - 1. Foundations | C5: VariableID:194:11 | D5: fixed/4 | E5: FLOAT | F5: 12 | G5: 12 | H5: 12 | I5: 12
A6: VariableCollectionId:194:6 | B6: Space - 1. Foundations | C6: VariableID:18065:8919 | D6: fixed/vertical-rhythm/0.125 | E6: FLOAT | F6: 4 | G6: 3.8099999 | H6: 3.49125 | I6: 3.2
A7: VariableCollectionId:194:6 | B7: Space - 1. Foundations | C7: VariableID:11874:299 | D7: fixed/5 | E7: FLOAT | F7: 16 | G7: 16 | H7: 16 | I7: 16
A8: VariableCollectionId:194:6 | B8: Space - 1. Foundations | C8: VariableID:18065:8918 | D8: fixed/vertical-rhythm/0.25 | E8: FLOAT | F8: 8 | G8: 7.6199999 | H8: 6.9825001 | I8: 6.4000001
A9: VariableCollectionId:194:6 | B9: Space - 1. Foundations | C9: VariableID:18065:8920 | D9: fixed/vertical-rhythm/0.375 | E9: FLOAT | F9: 12 | G9: 11.43 | H9: 10.47375 | I9: 9.6000004
A10: VariableCollectionId:194:6 | B10: Space - 1. Foundations | C10: VariableID:18065:8917 | D10: fixed/vertical-rhythm/0.5 | E10: FLOAT | F10: 16 | G10: 15.24 | H10: 13.965 | I10: 12.8
A11: VariableCollectionId:194:6 | B11: Space - 1. Foundations | C11: VariableID:18065:8916 | D11: fixed/vertical-rhythm/0.75 | E11: FLOAT | F11: 24 | G11: 22.860001 | H11: 20.9475 | I11: 19.200001
A12: VariableCollectionId:194:6 | B12: Space - 1. Foundations | C12: VariableID:13901:2 | D12: fixed/6 | E12: FLOAT | F12: 24 | G12: 24 | H12: 24 | I12: 24
A13: VariableCollectionId:194:6 | B13: Space - 1. Foundations | C13: VariableID:18066:8392 | D13: fixed/7 | E13: FLOAT | F13: 32 | G13: 32 | H13: 32 | I13: 32
... A37: VariableCollectionId:194:6 | B37: Space - 1. Foundations | C37: VariableID:17907:6006 | D37: fluid/macro/10 (vertical rhythm) | E37: FLOAT | F37: 320 | G37: 304.77576 | H37: 279.27273 | I37: 256
D38: ='Dimension - 1. Foundations'!D2 -> grid/margin | E38: ='Dimension - 1. Foundations'!E2 -> FLOAT | F38: 128 | G38: 103.26061 | H38: 61.818182 | I38: 24
D39: ='Dimension - 1. Foundations'!D3 -> grid/column/count | E39: ='Dimension - 1. Foundations'!E3 -> FLOAT | F39: ='Dimension - 1. Foundations'!F3 -> 12 | G39: ='Dimension - 1. Foundations'!G3 -> 12 | H39: ='Dimension - 1. Foundations'!H3 -> 12 | I39: ='Dimension - 1. Foundations'!I3 -> 12
D40: ='Dimension - 1. Foundations'!D4 -> grid/column/size | E40: ='Dimension - 1. Foundations'!E4 -> FLOAT | F40: 60 | G40: 47.55101 | H40: 26.69697 | I40: 7.666667
D41: ='Dimension - 1. Foundations'!D5 -> grid/column/gutter | E41: ='Dimension - 1. Foundations'!E5 -> FLOAT | F41: 64 | G41: 53.533333 | H41: 36 | I41: 20
D42: ='Dimension - 1. Foundations'!D6 -> grid/proportions/viewport | E42: ='Dimension - 1. Foundations'!E6 -> FLOAT | F42: 1680 | G42: 1366 | H42: 840 | I42: 360
D43: ='Dimension - 1. Foundations'!D7 -> grid/proportions/whole | E43: ='Dimension - 1. Foundations'!E7 -> FLOAT | F43: 1424 | G43: 1159.4788 | H43: 716.36364 | I43: 312
D44: ='Dimension - 1. Foundations'!D8 -> grid/proportions/three quarters | E44: ='Dimension - 1. Foundations'!E8 -> FLOAT | F44: 1052 | G44: 856.22576 | H44: 528.27273 | I44: 229
D45: ='Dimension - 1. Foundations'!D9 -> grid/proportions/two thirds | E45: ='Dimension - 1. Foundations'!E9 -> FLOAT | F45: 928 | G45: 755.14141 | H45: 465.57576 | I45: 201.33333
D46: ='Dimension - 1. Foundations'!D10 -> grid/proportions/half | E46: ='Dimension - 1. Foundations'!E10 -> FLOAT | F46: 680 | G46: 552.97273 | H46: 340.18182 | I46: 146
D47: ='Dimension - 1. Foundations'!D11 -> grid/proportions/third | E47: ='Dimension - 1. Foundations'!E11 -> FLOAT | F47: 432 | G47: 350.80404 | H47: 214.78788 | I47: 90.666667
D48: ='Dimension - 1. Foundations'!D12 -> grid/proportions/quarter | E48: ='Dimension - 1. Foundations'!E12 -> FLOAT | F48: 308 | G48: 249.7197 | H48: 152.09091 | I48: 63

Sheet Dimension - 1. Foundations
A1: collectionId | B1: collectionName | C1: variableId | D1: variableName | E1: variableType | F1: Mode: Desktop | G1: Mode: Laptop | H1: Mode: Tablet | I1: Mode: Mobile
A2: VariableCollectionId:210:48 | B2: Dimension - 1. Foundations | C2: VariableID:11960:5242 | D2: grid/margin | E2: FLOAT | F2: 128 | G2: 103.26061 | H2: 61.818182 | I2: 24
A3: VariableCollectionId:210:48 | B3: Dimension - 1. Foundations | C3: VariableID:11960:5240 | D3: grid/column/count | E3: FLOAT | F3: 12 | G3: 12 | H3: 12 | I3: 12
A4: VariableCollectionId:210:48 | B4: Dimension - 1. Foundations | C4: VariableID:11960:5234 | D4: grid/column/size | E4: FLOAT | F4: 60 | G4: 47.55101 | H4: 26.69697 | I4: 7.666667
A5: VariableCollectionId:210:48 | B5: Dimension - 1. Foundations | C5: VariableID:11960:5241 | D5: grid/column/gutter | E5: FLOAT | F5: 64 | G5: 53.533333 | H5: 36 | I5: 20
A6: VariableCollectionId:210:48 | B6: Dimension - 1. Foundations | C6: VariableID:11960:5235 | D6: grid/proportions/viewport | E6: FLOAT | F6: 1680 | G6: 1366 | H6: 840 | I6: 360
A7: VariableCollectionId:210:48 | B7: Dimension - 1. Foundations | C7: VariableID:11960:5233 | D7: grid/proportions/whole | E7: FLOAT | F7: 1424 | G7: 1159.4788 | H7: 716.36364 | I7: 312
A8: VariableCollectionId:210:48 | B8: Dimension - 1. Foundations | C8: VariableID:11960:5238 | D8: grid/proportions/three quarters | E8: FLOAT | F8: 1052 | G8: 856.22576 | H8: 528.27273 | I8: 229
A9: VariableCollectionId:210:48 | B9: Dimension - 1. Foundations | C9: VariableID:11960:5232 | D9: grid/proportions/two thirds | E9: FLOAT | F9: 928 | G9: 755.14141 | H9: 465.57576 | I9: 201.33333
A10: VariableCollectionId:210:48 | B10: Dimension - 1. Foundations | C10: VariableID:11960:5239 | D10: grid/proportions/half | E10: FLOAT | F10: 680 | G10: 552.97273 | H10: 340.18182 | I10: 146
A11: VariableCollectionId:210:48 | B11: Dimension - 1. Foundations | C11: VariableID:11960:5237 | D11: grid/proportions/third | E11: FLOAT | F11: 432 | G11: 350.80404 | H11: 214.78788 | I11: 90.666667
A12: VariableCollectionId:210:48 | B12: Dimension - 1. Foundations | C12: VariableID:11960:5236 | D12: grid/proportions/quarter | E12: FLOAT | F12: 308 | G12: 249.7197 | H12: 152.09091 | I12: 63
A13: VariableCollectionId:210:48 | B13: Dimension - 1. Foundations | C13: VariableID:11179:695 | D13: border/width-s | E13: FLOAT | F13: 1 | G13: 1 | H13: 1 | I13: 1
... A31: VariableCollectionId:210:48 | B31: Dimension - 1. Foundations | C31: VariableID:18046:5893 | D31: heights/30 | E31: FLOAT | F31: 960 | G31: 914.40002 | H31: 837.90002 | I31: 768

Sheet Radius - 1. Foundations
A1: collectionId | B1: collectionName | C1: variableId | D1: variableName | E1: variableType | F1: Mode: Base Value
A2: VariableCollectionId:209:10 | B2: Radius - 1. Foundations | C2: VariableID:209:41 | D2: base/100 | E2: FLOAT | F2: 4
A3: VariableCollectionId:209:10 | B3: Radius - 1. Foundations | C3: VariableID:209:40 | D3: base/200 | E3: FLOAT | F3: 6
A4: VariableCollectionId:209:10 | B4: Radius - 1. Foundations | C4: VariableID:209:38 | D4: base/300 | E4: FLOAT | F4: 8
A5: VariableCollectionId:209:10 | B5: Radius - 1. Foundations | C5: VariableID:11026:413 | D5: base/400 | E5: FLOAT | F5: 12
A6: VariableCollectionId:209:10 | B6: Radius - 1. Foundations | C6: VariableID:11228:1149 | D6: base/500 | E6: FLOAT | F6: 16
A7: VariableCollectionId:209:10 | B7: Radius - 1. Foundations | C7: VariableID:11228:1150 | D7: base/600 | E7: FLOAT | F7: 20
A8: VariableCollectionId:209:10 | B8: Radius - 1. Foundations | C8: VariableID:11228:1151 | D8: base/700 | E8: FLOAT | F8: 32
A9: VariableCollectionId:209:10 | B9: Radius - 1. Foundations | C9: VariableID:209:39 | D9: base/full | E9: FLOAT | F9: 9999
A10: VariableCollectionId:209:10 | B10: Radius - 1. Foundations | C10: VariableID:210:49 | D10: focus/100 | E10: FLOAT | F10: 6
A11: VariableCollectionId:209:10 | B11: Radius - 1. Foundations | C11: VariableID:210:50 | D11: focus/200 | E11: FLOAT | F11: 8
A12: VariableCollectionId:209:10 | B12: Radius - 1. Foundations | C12: VariableID:210:51 | D12: focus/300 | E12: FLOAT | F12: 10
A13: VariableCollectionId:209:10 | B13: Radius - 1. Foundations | C13: VariableID:210:52 | D13: focus/full | E13: FLOAT | F13: 9999
